<?xml version="1.0" encoding="UTF-8"?>
<GenRun Id="impl_1" LaunchPart="xc7a100tcsg324-1" LaunchTime="1722924395">
  <File Type="PWROPT-DRC" Name="uart_7seg_drc_pwropted.rpt"/>
  <File Type="OPT-METHODOLOGY-DRC" Name="uart_7seg_methodology_drc_opted.rpt"/>
  <File Type="INIT-TIMING" Name="uart_7seg_timing_summary_init.rpt"/>
  <File Type="ROUTE-PWR-RPX" Name="uart_7seg_power_routed.rpx"/>
  <File Type="PA-TCL" Name="uart_7seg.tcl"/>
  <File Type="OPT-HWDEF" Name="uart_7seg.hwdef"/>
  <File Type="RDI-RDI" Name="uart_7seg.vdi"/>
  <File Type="OPT-DCP" Name="uart_7seg_opt.dcp"/>
  <File Type="OPT-DRC" Name="uart_7seg_drc_opted.rpt"/>
  <File Type="OPT-TIMING" Name="uart_7seg_timing_summary_opted.rpt"/>
  <File Type="PWROPT-DCP" Name="uart_7seg_pwropt.dcp"/>
  <File Type="PWROPT-TIMING" Name="uart_7seg_timing_summary_pwropted.rpt"/>
  <File Type="PLACE-DCP" Name="uart_7seg_placed.dcp"/>
  <File Type="PLACE-IO" Name="uart_7seg_io_placed.rpt"/>
  <File Type="PLACE-CLK" Name="uart_7seg_clock_utilization_placed.rpt"/>
  <File Type="PLACE-UTIL" Name="uart_7seg_utilization_placed.rpt"/>
  <File Type="PLACE-UTIL-PB" Name="uart_7seg_utilization_placed.pb"/>
  <File Type="PLACE-CTRL" Name="uart_7seg_control_sets_placed.rpt"/>
  <File Type="PLACE-SIMILARITY" Name="uart_7seg_incremental_reuse_placed.rpt"/>
  <File Type="PLACE-PRE-SIMILARITY" Name="uart_7seg_incremental_reuse_pre_placed.rpt"/>
  <File Type="PLACE-TIMING" Name="uart_7seg_timing_summary_placed.rpt"/>
  <File Type="POSTPLACE-PWROPT-DCP" Name="uart_7seg_postplace_pwropt.dcp"/>
  <File Type="POSTPLACE-PWROPT-TIMING" Name="uart_7seg_timing_summary_postplace_pwropted.rpt"/>
  <File Type="PHYSOPT-DCP" Name="uart_7seg_physopt.dcp"/>
  <File Type="PHYSOPT-DRC" Name="uart_7seg_drc_physopted.rpt"/>
  <File Type="PHYSOPT-TIMING" Name="uart_7seg_timing_summary_physopted.rpt"/>
  <File Type="ROUTE-ERROR-DCP" Name="uart_7seg_routed_error.dcp"/>
  <File Type="ROUTE-DCP" Name="uart_7seg_routed.dcp"/>
  <File Type="ROUTE-BLACKBOX-DCP" Name="uart_7seg_routed_bb.dcp"/>
  <File Type="ROUTE-DRC" Name="uart_7seg_drc_routed.rpt"/>
  <File Type="ROUTE-DRC-PB" Name="uart_7seg_drc_routed.pb"/>
  <File Type="BG-BIN" Name="uart_7seg.bin"/>
  <File Type="ROUTE-DRC-RPX" Name="uart_7seg_drc_routed.rpx"/>
  <File Type="BG-DRC" Name="uart_7seg.drc"/>
  <File Type="ROUTE-METHODOLOGY-DRC" Name="uart_7seg_methodology_drc_routed.rpt"/>
  <File Type="BITSTR-MSK" Name="uart_7seg.msk"/>
  <File Type="ROUTE-METHODOLOGY-DRC-RPX" Name="uart_7seg_methodology_drc_routed.rpx"/>
  <File Type="BG-BGN" Name="uart_7seg.bgn"/>
  <File Type="ROUTE-METHODOLOGY-DRC-PB" Name="uart_7seg_methodology_drc_routed.pb"/>
  <File Type="ROUTE-PWR" Name="uart_7seg_power_routed.rpt"/>
  <File Type="ROUTE-PWR-SUM" Name="uart_7seg_power_summary_routed.pb"/>
  <File Type="ROUTE-STATUS" Name="uart_7seg_route_status.rpt"/>
  <File Type="ROUTE-STATUS-PB" Name="uart_7seg_route_status.pb"/>
  <File Type="ROUTE-TIMINGSUMMARY" Name="uart_7seg_timing_summary_routed.rpt"/>
  <File Type="ROUTE-TIMING-PB" Name="uart_7seg_timing_summary_routed.pb"/>
  <File Type="ROUTE-TIMING-RPX" Name="uart_7seg_timing_summary_routed.rpx"/>
  <File Type="ROUTE-SIMILARITY" Name="uart_7seg_incremental_reuse_routed.rpt"/>
  <File Type="ROUTE-CLK" Name="uart_7seg_clock_utilization_routed.rpt"/>
  <File Type="POSTROUTE-PHYSOPT-DCP" Name="uart_7seg_postroute_physopt.dcp"/>
  <File Type="POSTROUTE-PHYSOPT-BLACKBOX-DCP" Name="uart_7seg_postroute_physopt_bb.dcp"/>
  <File Type="POSTROUTE-PHYSOPT-TIMING" Name="uart_7seg_timing_summary_postroute_physopted.rpt"/>
  <File Type="POSTROUTE-PHYSOPT-TIMING-PB" Name="uart_7seg_timing_summary_postroute_physopted.pb"/>
  <File Type="POSTROUTE-PHYSOPT-TIMING-RPX" Name="uart_7seg_timing_summary_postroute_physopted.rpx"/>
  <File Type="BG-BIT" Name="uart_7seg.bit"/>
  <File Type="BITSTR-RBT" Name="uart_7seg.rbt"/>
  <File Type="BITSTR-NKY" Name="uart_7seg.nky"/>
  <File Type="BITSTR-BMM" Name="uart_7seg_bd.bmm"/>
  <File Type="BITSTR-MMI" Name="uart_7seg.mmi"/>
  <File Type="BITSTR-SYSDEF" Name="uart_7seg.sysdef"/>
  <File Type="WBT-USG" Name="usage_statistics_webtalk.html"/>
  <FileSet Name="sources" Type="DesignSrcs" RelSrcDir="$PSRCDIR/sources_1">
    <Filter Type="Srcs"/>
    <File Path="$PSRCDIR/sources_1/new/dec_7seg_decoder.v">
      <FileInfo>
        <Attr Name="UsedIn" Val="synthesis"/>
        <Attr Name="UsedIn" Val="implementation"/>
        <Attr Name="UsedIn" Val="simulation"/>
      </FileInfo>
    </File>
    <File Path="$PSRCDIR/sources_1/new/uart_rx.v">
      <FileInfo>
        <Attr Name="UsedIn" Val="synthesis"/>
        <Attr Name="UsedIn" Val="implementation"/>
        <Attr Name="UsedIn" Val="simulation"/>
      </FileInfo>
    </File>
    <File Path="$PSRCDIR/sources_1/new/uart_7seg.v">
      <FileInfo>
        <Attr Name="UsedIn" Val="synthesis"/>
        <Attr Name="UsedIn" Val="implementation"/>
        <Attr Name="UsedIn" Val="simulation"/>
      </FileInfo>
    </File>
    <File Path="$PSRCDIR/sources_1/new/uart_tx.v">
      <FileInfo>
        <Attr Name="AutoDisabled" Val="1"/>
        <Attr Name="UsedIn" Val="synthesis"/>
        <Attr Name="UsedIn" Val="implementation"/>
        <Attr Name="UsedIn" Val="simulation"/>
      </FileInfo>
    </File>
    <Config>
      <Option Name="DesignMode" Val="RTL"/>
      <Option Name="TopModule" Val="uart_7seg"/>
    </Config>
  </FileSet>
  <FileSet Name="constrs_in" Type="Constrs" RelSrcDir="$PSRCDIR/constrs_1">
    <Filter Type="Constrs"/>
    <File Path="$PSRCDIR/constrs_1/new/uart_tx.xdc">
      <FileInfo>
        <Attr Name="UsedIn" Val="synthesis"/>
        <Attr Name="UsedIn" Val="implementation"/>
      </FileInfo>
    </File>
    <File Path="$PSRCDIR/constrs_1/new/uart_rx.xdc">
      <FileInfo>
        <Attr Name="UsedIn" Val="synthesis"/>
        <Attr Name="UsedIn" Val="implementation"/>
      </FileInfo>
    </File>
    <File Path="$PSRCDIR/constrs_1/new/uart_7seg.xdc">
      <FileInfo>
        <Attr Name="UsedIn" Val="synthesis"/>
        <Attr Name="UsedIn" Val="implementation"/>
      </FileInfo>
    </File>
    <Config>
      <Option Name="TargetConstrsFile" Val="$PSRCDIR/constrs_1/new/uart_7seg.xdc"/>
      <Option Name="ConstrsType" Val="XDC"/>
    </Config>
  </FileSet>
  <Strategy Version="1" Minor="2">
    <StratHandle Name="Vivado Implementation Defaults" Flow="Vivado Implementation 2016">
      <Desc>Default settings for Implementation.</Desc>
    </StratHandle>
    <Step Id="init_design"/>
    <Step Id="opt_design"/>
    <Step Id="power_opt_design"/>
    <Step Id="place_design"/>
    <Step Id="post_place_power_opt_design"/>
    <Step Id="phys_opt_design"/>
    <Step Id="route_design"/>
    <Step Id="post_route_phys_opt_design"/>
    <Step Id="write_bitstream"/>
  </Strategy>
</GenRun>
