<?xml version="1.0" encoding="UTF-8"?>
<GenRun Id="synth_1" LaunchPart="xc7a100tcsg324-1" LaunchTime="1722535147">
  <File Type="RDS-PROPCONSTRS" Name="triag_drc_synth.rpt"/>
  <File Type="PA-TCL" Name="triag.tcl"/>
  <File Type="RDS-RDS" Name="triag.vds"/>
  <File Type="RDS-UTIL" Name="triag_utilization_synth.rpt"/>
  <File Type="RDS-UTIL-PB" Name="triag_utilization_synth.pb"/>
  <File Type="RDS-DCP" Name="triag.dcp"/>
  <File Type="VDS-TIMINGSUMMARY" Name="triag_timing_summary_synth.rpt"/>
  <File Type="VDS-TIMING-PB" Name="triag_timing_summary_synth.pb"/>
  <FileSet Name="sources" Type="DesignSrcs" RelSrcDir="$PSRCDIR/sources_1">
    <Filter Type="Srcs"/>
    <File Path="$PSRCDIR/sources_1/new/triag.v">
      <FileInfo>
        <Attr Name="UsedIn" Val="synthesis"/>
        <Attr Name="UsedIn" Val="implementation"/>
        <Attr Name="UsedIn" Val="simulation"/>
      </FileInfo>
    </File>
    <Config>
      <Option Name="DesignMode" Val="RTL"/>
      <Option Name="TopModule" Val="triag"/>
      <Option Name="TopAutoSet" Val="TRUE"/>
    </Config>
  </FileSet>
  <FileSet Name="constrs_in" Type="Constrs" RelSrcDir="$PSRCDIR/constrs_1">
    <Filter Type="Constrs"/>
    <Config>
      <Option Name="ConstrsType" Val="XDC"/>
    </Config>
  </FileSet>
  <Strategy Version="1" Minor="2">
    <StratHandle Name="Vivado Synthesis Defaults" Flow="Vivado Synthesis 2016">
      <Desc>Vivado Synthesis Defaults</Desc>
    </StratHandle>
    <Step Id="synth_design"/>
  </Strategy>
</GenRun>
