<?xml version="1.0" encoding="UTF-8"?>
<GenRun Id="impl_1" LaunchPart="xc7a100tcsg324-1" LaunchTime="1722669027">
  <File Type="PWROPT-DRC" Name="triag_drc_pwropted.rpt"/>
  <File Type="OPT-METHODOLOGY-DRC" Name="triag_methodology_drc_opted.rpt"/>
  <File Type="INIT-TIMING" Name="triag_timing_summary_init.rpt"/>
  <File Type="ROUTE-PWR-RPX" Name="triag_power_routed.rpx"/>
  <File Type="PA-TCL" Name="triag.tcl"/>
  <File Type="OPT-HWDEF" Name="triag.hwdef"/>
  <File Type="RDI-RDI" Name="triag.vdi"/>
  <File Type="OPT-DCP" Name="triag_opt.dcp"/>
  <File Type="OPT-DRC" Name="triag_drc_opted.rpt"/>
  <File Type="OPT-TIMING" Name="triag_timing_summary_opted.rpt"/>
  <File Type="PWROPT-DCP" Name="triag_pwropt.dcp"/>
  <File Type="PWROPT-TIMING" Name="triag_timing_summary_pwropted.rpt"/>
  <File Type="PLACE-DCP" Name="triag_placed.dcp"/>
  <File Type="PLACE-IO" Name="triag_io_placed.rpt"/>
  <File Type="PLACE-CLK" Name="triag_clock_utilization_placed.rpt"/>
  <File Type="PLACE-UTIL" Name="triag_utilization_placed.rpt"/>
  <File Type="PLACE-UTIL-PB" Name="triag_utilization_placed.pb"/>
  <File Type="PLACE-CTRL" Name="triag_control_sets_placed.rpt"/>
  <File Type="PLACE-SIMILARITY" Name="triag_incremental_reuse_placed.rpt"/>
  <File Type="PLACE-PRE-SIMILARITY" Name="triag_incremental_reuse_pre_placed.rpt"/>
  <File Type="PLACE-TIMING" Name="triag_timing_summary_placed.rpt"/>
  <File Type="POSTPLACE-PWROPT-DCP" Name="triag_postplace_pwropt.dcp"/>
  <File Type="POSTPLACE-PWROPT-TIMING" Name="triag_timing_summary_postplace_pwropted.rpt"/>
  <File Type="PHYSOPT-DCP" Name="triag_physopt.dcp"/>
  <File Type="PHYSOPT-DRC" Name="triag_drc_physopted.rpt"/>
  <File Type="PHYSOPT-TIMING" Name="triag_timing_summary_physopted.rpt"/>
  <File Type="ROUTE-ERROR-DCP" Name="triag_routed_error.dcp"/>
  <File Type="ROUTE-DCP" Name="triag_routed.dcp"/>
  <File Type="ROUTE-BLACKBOX-DCP" Name="triag_routed_bb.dcp"/>
  <File Type="ROUTE-DRC" Name="triag_drc_routed.rpt"/>
  <File Type="ROUTE-DRC-PB" Name="triag_drc_routed.pb"/>
  <File Type="BG-BIN" Name="triag.bin"/>
  <File Type="ROUTE-DRC-RPX" Name="triag_drc_routed.rpx"/>
  <File Type="BG-DRC" Name="triag.drc"/>
  <File Type="ROUTE-METHODOLOGY-DRC" Name="triag_methodology_drc_routed.rpt"/>
  <File Type="BITSTR-MSK" Name="triag.msk"/>
  <File Type="ROUTE-METHODOLOGY-DRC-RPX" Name="triag_methodology_drc_routed.rpx"/>
  <File Type="BG-BGN" Name="triag.bgn"/>
  <File Type="ROUTE-METHODOLOGY-DRC-PB" Name="triag_methodology_drc_routed.pb"/>
  <File Type="ROUTE-PWR" Name="triag_power_routed.rpt"/>
  <File Type="ROUTE-PWR-SUM" Name="triag_power_summary_routed.pb"/>
  <File Type="ROUTE-STATUS" Name="triag_route_status.rpt"/>
  <File Type="ROUTE-STATUS-PB" Name="triag_route_status.pb"/>
  <File Type="ROUTE-TIMINGSUMMARY" Name="triag_timing_summary_routed.rpt"/>
  <File Type="ROUTE-TIMING-PB" Name="triag_timing_summary_routed.pb"/>
  <File Type="ROUTE-TIMING-RPX" Name="triag_timing_summary_routed.rpx"/>
  <File Type="ROUTE-SIMILARITY" Name="triag_incremental_reuse_routed.rpt"/>
  <File Type="ROUTE-CLK" Name="triag_clock_utilization_routed.rpt"/>
  <File Type="POSTROUTE-PHYSOPT-DCP" Name="triag_postroute_physopt.dcp"/>
  <File Type="POSTROUTE-PHYSOPT-BLACKBOX-DCP" Name="triag_postroute_physopt_bb.dcp"/>
  <File Type="POSTROUTE-PHYSOPT-TIMING" Name="triag_timing_summary_postroute_physopted.rpt"/>
  <File Type="POSTROUTE-PHYSOPT-TIMING-PB" Name="triag_timing_summary_postroute_physopted.pb"/>
  <File Type="POSTROUTE-PHYSOPT-TIMING-RPX" Name="triag_timing_summary_postroute_physopted.rpx"/>
  <File Type="BG-BIT" Name="triag.bit"/>
  <File Type="BITSTR-RBT" Name="triag.rbt"/>
  <File Type="BITSTR-NKY" Name="triag.nky"/>
  <File Type="BITSTR-BMM" Name="triag_bd.bmm"/>
  <File Type="BITSTR-MMI" Name="triag.mmi"/>
  <File Type="BITSTR-SYSDEF" Name="triag.sysdef"/>
  <File Type="WBT-USG" Name="usage_statistics_webtalk.html"/>
  <FileSet Name="sources" Type="DesignSrcs" RelSrcDir="$PSRCDIR/sources_1">
    <Filter Type="Srcs"/>
    <File Path="$PSRCDIR/sources_1/new/triag.v">
      <FileInfo>
        <Attr Name="UsedIn" Val="synthesis"/>
        <Attr Name="UsedIn" Val="implementation"/>
        <Attr Name="UsedIn" Val="simulation"/>
      </FileInfo>
    </File>
    <Config>
      <Option Name="DesignMode" Val="RTL"/>
      <Option Name="TopModule" Val="triag"/>
      <Option Name="TopAutoSet" Val="TRUE"/>
    </Config>
  </FileSet>
  <FileSet Name="constrs_in" Type="Constrs" RelSrcDir="$PSRCDIR/constrs_1">
    <Filter Type="Constrs"/>
    <File Path="$PSRCDIR/constrs_1/new/triag.xdc">
      <FileInfo>
        <Attr Name="UsedIn" Val="synthesis"/>
        <Attr Name="UsedIn" Val="implementation"/>
      </FileInfo>
    </File>
    <Config>
      <Option Name="TargetConstrsFile" Val="$PSRCDIR/constrs_1/new/triag.xdc"/>
      <Option Name="ConstrsType" Val="XDC"/>
    </Config>
  </FileSet>
  <Strategy Version="1" Minor="2">
    <StratHandle Name="Vivado Implementation Defaults" Flow="Vivado Implementation 2016"/>
    <Step Id="init_design"/>
    <Step Id="opt_design"/>
    <Step Id="power_opt_design"/>
    <Step Id="place_design"/>
    <Step Id="post_place_power_opt_design"/>
    <Step Id="phys_opt_design"/>
    <Step Id="route_design"/>
    <Step Id="post_route_phys_opt_design"/>
    <Step Id="write_bitstream"/>
  </Strategy>
  <BlockFileSet Type="BlockSrcs" Name="ila_0"/>
</GenRun>
